TCGA,GENE,UniProt_ID,Mutation,INTERACTOR_GENE,Interactor_UniProt_ID,Prediction,Median_Probability,Disruptive_probability
ESCA,MTERF4,Q7Z6M4,R322W,,A8K8I8,1,0.91726,0.91726
ESCA,TP53,P04637,R273C,TP53BP2,Q13625,1,0.95051,0.95051
ESCA,TP53,P04637,R248W,TP53BP2,Q13625,1,0.91087,0.91087
ESCA,TP53,P04637,S241F,PPP1R13B,Q96KQ4,1,0.90742,0.90742
ESCA,TP53,P04637,R273H,TP53BP2,Q13625,1,0.91266,0.91266
ESCA,CSNK1A1,P48729,G145S,EGFR,P00533,1,0.91117,0.91117
ESCA,TP53,P04637,C242Y,PPP1R13B,Q96KQ4,1,0.90842,0.90842
ESCA,BCL2L11,O43521,G156E,MCL1,Q07820,1,0.93076,0.93076
ESCA,CTSH,P09668,G184C,CSTA,P01040,1,0.91646,0.91646
ESCA,IGF2,P01344,G35R,IGFBP4,P22692,1,0.90954,0.90954
ESCA,RIMS1,Q86UR5,W178R,RAB3C,Q96E17,1,0.90903,0.90903
ESCA,RIMS1,Q86UR5,W178R,RAB3A,P20336,1,0.90243,0.90243
ESCA,H4C1,P62805,D69H,H2BC21,Q16778,1,0.95844,0.95844
ESCA,LIN7A,O14910,K170T,DLG1,Q12959,1,0.94444,0.94444
ESCA,MYLK2,Q9H1R3,D382H,MAPK7,Q13164,1,0.93536,0.93536
ESCA,PSMA5,P28066,R93T,PSMB8,P28062,1,0.94966,0.94966
ESCA,PSMA5,P28066,R93T,PSMA7,O14818,1,0.93905,0.93905
ESCA,DLG4,P78352,G169D,DLG2,Q15700,1,0.91966,0.91966
ESCA,H4C1,P62805,R93T,H2BC11,P06899,1,0.93206,0.93206
ESCA,H4C1,P62805,R93T,H2BC21,Q16778,1,0.90361,0.90361
