TCGA,GENE,UniProt_ID,Mutation,INTERACTOR_GENE,Interactor_UniProt_ID,Prediction,Median_Probability,Disruptive_probability
BRCA,TP53,P04637,R273L,TP53BP2,Q13625,1,0.96093,0.96093
BRCA,TP53,P04637,R273C,TP53BP2,Q13625,1,0.95051,0.95051
BRCA,CKS1B,P61024,L37R,CKS2,P33552,1,0.96788,0.96788
BRCA,H4C1,P62805,D69Y,H2BC21,Q16778,1,0.95403,0.95403
BRCA,PTK2,Q05397,R597L,INSR,P06213,1,0.9757,0.9757
BRCA,UBE2D2,P62837,P61S,TRAF6,Q9Y4K3,1,0.96911,0.96911
BRCA,MIB1,Q86YT6,D968G,UBE2D2,P62837,1,0.97721,0.97721
BRCA,MIB1,Q86YT6,D968G,UBE2D4,Q9Y2X8,1,0.95643,0.95643
BRCA,TP53,P04637,N247I,TP53BP2,Q13625,1,0.97173,0.97173
BRCA,PRKACA,P17612,L83P,PRKACB,P22694,1,0.95343,0.95343
BRCA,ESYT1,Q9BSJ8,R486W,ESYT2,A0FGR8,1,0.9789,0.9789
