TCGA,GENE,UniProt_ID,Mutation,INTERACTOR_GENE,Interactor_UniProt_ID,Prediction,Median_Probability,Disruptive_probability
COAD,RAB11B,Q15907,F48V,MYO5B,Q9ULV0,1,0.97688,0.97688
COAD,RAB11B,Q15907,F48V,RAB11FIP2,Q7L804,1,0.95415,0.95415
COAD,RAB11B,Q15907,F48V,RAB11FIP3,O75154,1,0.9558,0.9558
COAD,RAB11B,Q15907,F48V,RAB8A,P61006,1,0.97077,0.97077
COAD,NR1H4,Q96RI1,R187I,ESR1,P03372,1,0.96351,0.96351
COAD,ESYT1,Q9BSJ8,R806W,ESYT2,A0FGR8,1,0.95056,0.95056
COAD,TP53,P04637,R273C,TP53BP2,Q13625,1,0.95051,0.95051
COAD,HERC4,Q5GLZ8,D855Y,UBE2D2,P62837,1,0.95019,0.95019
COAD,PSMA1,P25786,R89L,PSMB7,Q99436,1,0.97381,0.97381
COAD,PSMA1,P25786,R89L,PSMB8,P28062,1,0.95799,0.95799
COAD,PSMA1,P25786,R89L,PSMB2,B7Z478,1,0.9729,0.9729
COAD,RHOA,P61586,L69P,ROCK1,Q13464,1,0.95283,0.95283
COAD,RGS9,O75916,D389G,GNB5,O14775,1,0.95771,0.95771
COAD,CUL4B,Q13620,Y898C,NEDD8,Q15843,1,0.95384,0.95384
COAD,CREBBP,Q92793,W1165R,KAT2B,Q92831,1,0.95915,0.95915
COAD,STUB1,Q9UNE7,D256H,UBE2D1,P51668,1,0.95108,0.95108
COAD,RHOC,P08134,R176W,ROCK1,Q13464,1,0.9704,0.9704
COAD,DPYSL2,Q16555,R268W,DPYSL3,Q8IXW6,1,0.98213,0.98213
COAD,DPYSL2,Q16555,R268W,CRMP1,B3KT07,1,0.97957,0.97957
COAD,CSNK1A1,P48729,R21L,EGFR,P00533,1,0.96665,0.96665
COAD,SMAD3,P84022,L340P,SKI,P12755,1,0.95125,0.95125
COAD,CDK1,P06493,D211G,CKS1B,Q5T178,1,0.962,0.962
COAD,TRAPPC3L,Q5T215,Y86C,TRAPPC6B,Q86SZ2,1,0.95232,0.95232
COAD,ROR1,Q01973,Q709P,ERBB3,P21860,1,0.96352,0.96352
COAD,PSMB5,P28074,R120W,PSMA5,P28066,1,0.9592,0.9592
COAD,FBXW7,Q969H0,R479G,RACK1,P63244,1,0.96278,0.96278
COAD,TEC,P42680,P528S,JAK1,P23458,1,0.95384,0.95384
COAD,TRIM31,Q9BZY9,P17L,UBE2D1,P51668,1,0.95165,0.95165
COAD,TRIM31,Q9BZY9,P17L,UBE2D3,P61077,1,0.96385,0.96385
COAD,RHEB,Q15382,T42I,RAF1,L7RRS6,1,0.97429,0.97429
