TCGA,GENE,UniProt_ID,Mutation,INTERACTOR_GENE,Interactor_UniProt_ID,Prediction,Median_Probability,Disruptive_probability
OV,TP53,P04637,R273L,TP53BP2,Q13625,1,0.96093,0.96093
OV,PRKACA,P17612,G215R,PRKAR1B,P31321,1,0.97777,0.97777
OV,PRKACA,P17612,G215R,PRKAR2B,P31323,1,0.96294,0.96294
OV,TP53,P04637,R273C,TP53BP2,Q13625,1,0.95051,0.95051
OV,PIK3R3,Q92569,Y419S,PIK3CB,P42338,1,0.97035,0.97035
OV,RING1,Q06587,I110S,BMI1,P35226,1,0.9607,0.9607
OV,HBEGF,Q99075,C132W,EGFR,P00533,1,0.97096,0.97096
OV,PSMB8,P28062,Y126C,PSMA5,P28066,1,0.95052,0.95052
OV,PSMB8,P28062,Y126C,PSMB1,P20618,1,0.96076,0.96076
OV,RXRA,P19793,Y397C,RARB,P10826,1,0.96701,0.96701
